Datetime,Water Level (m)
2025-11-04 18:00:00,-0.3323539
2025-11-04 19:00:00,-0.72034293
2025-11-04 20:00:00,-0.89641416
2025-11-04 21:00:00,-0.7806854
2025-11-04 22:00:00,-0.40587723
2025-11-04 23:00:00,0.1277629
2025-11-05 00:00:00,0.64657634
2025-11-05 01:00:00,1.0096862
2025-11-05 02:00:00,1.11153
2025-11-05 03:00:00,0.93630576
2025-11-05 04:00:00,0.5278218
2025-11-05 05:00:00,0.008792785
2025-11-05 06:00:00,-0.51503426
2025-11-05 07:00:00,-0.9194591
2025-11-05 08:00:00,-1.0742335
2025-11-05 09:00:00,-0.9471055
2025-11-05 10:00:00,-0.5594612
2025-11-05 11:00:00,-0.0007882084
2025-11-05 12:00:00,0.61693305
2025-11-05 13:00:00,1.1200664
2025-11-05 14:00:00,1.3974069
2025-11-05 15:00:00,1.3809532
2025-11-05 16:00:00,1.0841359
2025-11-05 17:00:00,0.5630741
2025-11-05 18:00:00,-0.02593479
2025-11-05 19:00:00,-0.5590675
2025-11-05 20:00:00,-0.9040508
2025-11-05 21:00:00,-0.9665336
2025-11-05 22:00:00,-0.73915493
2025-11-05 23:00:00,-0.28694472
2025-11-06 00:00:00,0.24953324
2025-11-06 01:00:00,0.7207591
2025-11-06 02:00:00,1.0160695
2025-11-06 03:00:00,1.0507911
2025-11-06 04:00:00,0.8096558
2025-11-06 05:00:00,0.3665385
2025-11-06 06:00:00,-0.1672087
2025-11-06 07:00:00,-0.6865562
2025-11-06 08:00:00,-1.028498
2025-11-06 09:00:00,-1.0998499
2025-11-06 10:00:00,-0.885665
2025-11-06 11:00:00,-0.4135008
2025-11-06 12:00:00,0.20196195
2025-11-06 13:00:00,0.79689735
2025-11-06 14:00:00,1.2328376
2025-11-06 15:00:00,1.4257394
2025-11-06 16:00:00,1.3200042
2025-11-06 17:00:00,0.9390578
2025-11-06 18:00:00,0.3973782
2025-11-06 19:00:00,-0.16204727
2025-11-06 20:00:00,-0.6732161
2025-11-06 21:00:00,-0.9459482
2025-11-06 22:00:00,-0.93778807
2025-11-06 23:00:00,-0.643386
2025-11-07 00:00:00,-0.18344666
2025-11-07 01:00:00,0.3348239
2025-11-07 02:00:00,0.7590084
2025-11-07 03:00:00,0.9790382
2025-11-07 04:00:00,0.92275923
2025-11-07 05:00:00,0.6387801
2025-11-07 06:00:00,0.19138893
2025-11-07 07:00:00,-0.32171983
2025-11-07 08:00:00,-0.7604888
2025-11-07 09:00:00,-1.0207556
2025-11-07 10:00:00,-1.0169542
2025-11-07 11:00:00,-0.74077135
2025-11-07 12:00:00,-0.24279098
2025-11-07 13:00:00,0.34589788
2025-11-07 14:00:00,0.8853216
2025-11-07 15:00:00,1.2557896
2025-11-07 16:00:00,1.3702734
2025-11-07 17:00:00,1.1865515
2025-11-07 18:00:00,0.7735987
2025-11-07 19:00:00,0.2566369
2025-11-07 20:00:00,-0.28673849
2025-11-07 21:00:00,-0.72478133
2025-11-07 22:00:00,-0.9149827
2025-11-07 23:00:00,-0.83676606
2025-11-08 00:00:00,-0.53724754
2025-11-08 01:00:00,-0.092469566
2025-11-08 02:00:00,0.37413812
2025-11-08 03:00:00,0.71776253
2025-11-08 04:00:00,0.8606207
2025-11-08 05:00:00,0.7826287
2025-11-08 06:00:00,0.46970195
2025-11-08 07:00:00,0.039051183
2025-11-08 08:00:00,-0.3981791
2025-11-08 09:00:00,-0.7613009
2025-11-08 10:00:00,-0.94837713
2025-11-08 11:00:00,-0.87420434
2025-11-08 12:00:00,-0.55512464
2025-11-08 13:00:00,-0.07181042
2025-11-08 14:00:00,0.4517966
2025-11-08 15:00:00,0.9287857
2025-11-08 16:00:00,1.199116
2025-11-08 17:00:00,1.2220016
2025-11-08 18:00:00,1.005835
2025-11-08 19:00:00,0.6080736
2025-11-08 20:00:00,0.13203283
2025-11-08 21:00:00,-0.34665328
2025-11-08 22:00:00,-0.6878172
2025-11-08 23:00:00,-0.8115861
2025-11-09 00:00:00,-0.7187863
2025-11-09 01:00:00,-0.41966552
2025-11-09 02:00:00,-0.028119368
2025-11-09 03:00:00,0.35567826
2025-11-09 04:00:00,0.6244447
2025-11-09 05:00:00,0.7134175
2025-11-09 06:00:00,0.6025199
2025-11-09 07:00:00,0.3148168
2025-11-09 08:00:00,-0.041268725
2025-11-09 09:00:00,-0.4089921
2025-11-09 10:00:00,-0.69527674
2025-11-09 11:00:00,-0.8007632
2025-11-09 12:00:00,-0.6721774
2025-11-09 13:00:00,-0.36955127
2025-11-09 14:00:00,0.052479047
2025-11-09 15:00:00,0.5024536
2025-11-09 16:00:00,0.86677915
2025-11-09 17:00:00,1.058781
2025-11-09 18:00:00,1.030785
2025-11-09 19:00:00,0.8307009
2025-11-09 20:00:00,0.4664958
2025-11-09 21:00:00,0.051202074
2025-11-09 22:00:00,-0.3351814
2025-11-09 23:00:00,-0.59710586
2025-11-10 00:00:00,-0.6925219
2025-11-10 01:00:00,-0.588896
2025-11-10 02:00:00,-0.34087595
2025-11-10 03:00:00,-0.030922046
2025-11-10 04:00:00,0.27809212
2025-11-10 05:00:00,0.5032636
2025-11-10 06:00:00,0.56821173
2025-11-10 07:00:00,0.4660179
2025-11-10 08:00:00,0.25141305
2025-11-10 09:00:00,-0.02946137
2025-11-10 10:00:00,-0.3262459
2025-11-10 11:00:00,-0.53863555
2025-11-10 12:00:00,-0.5869037
2025-11-10 13:00:00,-0.48072094
2025-11-10 14:00:00,-0.2297117
2025-11-10 15:00:00,0.11792396
2025-11-10 16:00:00,0.47175282
2025-11-10 17:00:00,0.739894
2025-11-10 18:00:00,0.8791196
